100	20
-0.1879361432227	-0.186110003167237	0.12282055189528	0.268102110727654	0.32233228748337	0.0231909368210771	-0.102320093891341	-0.212270469785189	-0.326072645093229	-0.462420770072178	0.340489526597458	0.0725687710820959	-0.467110723335196	0.102374519740361	0.464064400324882	0.255013041568182	0.103258208210479	0.486360864887272	0.214225663329729	-0.171298285593655
0.0550929972666247	0.0126347619432706	0.506661985861214	-0.314189444718389	0.568696432259574	-0.0890605926469864	0.450727360270376	0.591471604343469	-0.547824903793924	0.0582963209703808	0.333579553511084	-0.339827823315726	0.576949095888864	0.394850148911903	0.0536762915590134	-0.277593898529775	0.00381595119963767	-0.098730840589355	0.174415388769869	0.0859617049086014
-0.250688583723014	-0.273276494565734	0.475976530032591	0.591401215867245	-0.180899191081528	-0.354972672129801	0.15849231369492	-0.0269996041943247	0.29858454218777	0.0793267648322953	-0.261233290081603	0.446972224095968	-0.557048888519957	-0.287932945098409	-0.0847639774929708	0.268074364332362	-0.262035039956689	-0.697922858232032	-0.04401717072781	0.344285956766224
0.478584240641337	0.0474086317212225	-0.0992723402048299	-0.115089631886509	-0.117260346216941	0.00338780652716989	0.162657406639293	-0.00420517557957726	-0.00355853442922168	-0.335620550612924	0.0632194755218528	-0.0744741314906896	-0.631835530678509	-0.361672563414248	-0.230189633572527	-0.282302921343562	0.102840085302366	0.657899399860951	0.452094533235386	0.0418676106219233
0.0988523315446082	-0.196375393175645	-0.68557066058774	0.496243590682497	-0.124866609459058	0.29748031081781	-0.041002006715363	-0.337037081133046	-0.179888518425483	0.195285886844122	0.0208186942123375	0.0550751123830359	0.209294558083304	0.470271917464393	-0.172921272072937	0.161685628230466	-0.0532163262847433	-0.324743992919079	-0.0838597929735527	0.026677982639628
-0.246140515235405	0.530186180811794	0.749298476950249	0.453663808185189	-0.112697226846117	0.478190236171121	-0.34102015599082	-0.403239037012862	-0.0533843959806314	-0.309870071574601	-0.498794655852577	0.121461302831924	0.272233322318499	0.0675857399373203	-0.274456752000229	-0.0545923194316007	0.276429976377182	-0.151908290208019	0.608321619989612	-0.78904779509795
0.146228715728546	0.215012242805162	0.200119850029648	0.0248897200757742	-0.109989283710707	-0.411813381278751	-0.448988146306738	-0.456946731318626	-0.127794402540691	0.197760449825395	0.243251994053169	-0.298237340792827	-0.0587964596652072	-0.276723197232183	0.110973288386213	0.267530278489537	0.090283320662863	0.0287756870499111	-0.358722058748773	-0.365166249636557
0.221497411538765	0.273052268848568	0.16239820078911	0.17016627445545	-0.0887032358102659	-0.0748832799126958	-0.0670156930669786	-0.126590463114652	0.298997632936521	0.0713488198883141	-0.573703738814124	-0.325628798870181	-0.0620461463866801	-0.322131723120657	-0.440305308990507	0.398762461570474	0.20801602581294	-0.036049577382469	0.393695367502135	0.224745773655054
0.172734405496048	0.115255607347903	-0.00401985694377261	-0.307364543860338	0.432546123059961	0.347827358056666	0.600515768331863	0.408277339224295	0.218298212550459	0.214582784131356	-0.374026028638513	-0.0145627663589167	0.21751295114253	-0.165707485668718	-0.523608593522425	-0.0310398375619428	0.0976415718836324	-0.455600288902368	-0.157202253831335	-0.424779877233709
-1.09161651614691	-0.495347175844175	-0.846967473114122	-0.903098049093269	-1.20926148757391	-1.33426670435308	-0.933488855135914	-0.473861546399538	-1.51798917875905	-1.28154491175815	-0.700553666482806	-0.827174319846338	-0.580384313370459	-0.822861579658904	-1.20021454117644	-0.815480616783303	-0.877584693181338	-1.45317551885288	-0.89372514725761	-1.0337147985513
-0.546465649464746	-1.19072093618469	-1.0493127495309	-0.686916262493145	-1.11645025177641	-1.75855020665512	-0.950688127226084	-0.529490579694164	-0.893980451307475	-0.971393797096569	-1.16226182335428	-0.977850840446616	-1.47716654482817	-1.15818262321747	-0.67471629805538	-1.53993171860086	-0.772047323232696	-0.581318521530911	-1.02150234630475	-0.908790398187131
-0.883047029076571	-1.13849341910817	-0.873791607023646	-0.97027645393084	-0.804239064348545	-1.28077076755399	-0.900212917344997	-0.610973329015676	-0.781955900230133	-1.1388458259869	-1.06491273723407	-0.788216328609334	-0.608650877008083	-0.59744615087084	-0.963150507570351	-1.0788115424929	-1.68614605613512	-1.21252658322399	-1.03994329188551	-1.10620384148441
-1.18637217416254	-0.570315328437501	-1.12007402319329	-1.13624107274631	-0.662568266039461	-1.29017183738067	-1.11556239972743	-1.07127887543308	-0.799521707206989	-1.44066464682837	-1.48658118785259	-0.899505968982594	-0.941196479890705	-0.926846611454022	-1.14827481842593	-1.36304256306353	-0.844648521523463	-0.751618494067003	-1.02642321531079	-1.25537274685884
-1.66440996615325	-1.19520890599311	-1.41106236326424	-1.19673455573513	-1.23163324090718	-0.985753422301661	-1.41962620796737	-1.36724504070421	-1.72729519278526	-0.954194048343541	-1.43528918961981	-0.836383658222615	-1.10180303364571	-0.941235763181706	-0.79912354482565	-0.938656824234739	-1.40417087748583	-0.487673248835929	-0.724663320606809	-1.43835192255081
-0.662520724557068	-1.06221422308059	-0.703648519763536	-1.01077672678675	-1.15242586484149	-1.12112103804941	-0.197277761244455	-1.09834380404202	-1.07060722750458	-0.467871216604845	-0.894727080793654	-1.42087177178238	-0.620456757956868	-1.00465591858787	-1.10544365600048	-1.00419823135357	-0.891052042339502	-1.23374996706147	-0.990568220689074	-0.920724446135839
-0.0134800827045693	-0.117842378832595	0.455923507649864	0.320748438203039	0.157086177149405	0.0694488384733898	-0.127105826604595	-0.723735082881675	0.593889996275389	-0.194421280054514	-0.0523640786193672	0.203116167283164	0.281932105522033	-0.089273198445533	-0.0344941202643239	-0.0705602519456658	0.394425769397481	-0.212069720601595	0.407679174638359	-0.57220738320518
-0.00485707892968383	-0.095997860564552	-0.0926221707676841	-0.145192479090383	0.305326267961391	-0.126711722378024	-0.0895804535799193	-0.094137862033017	0.239038361591859	-0.0599452427004611	-0.177428541064847	-0.236940133842872	0.383385745780866	-0.0503037441184309	0.0218960825403964	-0.0564955962713862	-0.134491773272338	-0.597870753154608	0.034048453529761	-0.277569379869197
0.28315086320559	-0.0837339908929677	-0.375986926682307	-0.0363030333982331	-0.0753493764263935	0.112235518408589	-0.537702518055893	0.497963611393715	-0.512782854193759	0.206773119893155	-0.400208178268823	-0.139718666830229	-0.0873480430904413	0.346943573980956	0.326632383765894	0.285384920652151	-0.242449340477775	0.569962959873278	0.0522919639020259	-0.0334713878834281
0.246366358529427	0.148256499380348	0.192672391703347	-0.388242001146252	-0.428998034216583	-0.109801732499105	-0.0744024675204294	0.0392859301822551	-0.499100613565031	0.0108436529509785	-0.329189550357685	-0.0314556195704368	0.232851734904472	-0.401629202765194	0.387770621539722	-0.0462044357920485	-0.025880549711874	-0.226862080761799	-0.0160441214054565	-0.289570327629804
0.178170396365253	-0.0531991446808819	-0.0134127410681937	0.148293850804457	0.512736309630264	0.357030433956319	-0.0741911755123816	0.328766604806875	0.147332865694665	0.583060893675857	0.610831082809296	-0.494355326191601	0.0887176899633585	0.326030632577455	0.384753388229718	0.556273351425557	0.475627281756252	-0.113386733917267	-0.127427410212946	-0.048869677156012
0.275693211482465	-0.151787238634277	-0.519965522047451	0.392370456034244	0.430520871693487	-0.221198257577169	-0.0766531135579038	0.146802287083174	-0.0522166456716856	0.221164120136962	-0.0979468780124478	-0.0298610855914078	-0.155159866434426	-0.105205259009779	0.293716835488397	-0.571250206316846	0.0303172344560061	-0.409186440445722	0.0623734656299756	0.258055216483291
0.23464089021932	0.402911647551123	0.000639557904080894	0.449112302820835	-0.213111343754964	0.0871999936317797	-0.53608143002777	-0.233673088634596	0.288387169163245	0.696400179906611	0.232201563606444	-0.131957291052961	0.527169907301904	0.22041697336527	0.0988409350287276	0.107789910570139	0.0446286634958905	0.222587447792283	0.297876875336736	0.00542963249319326
0.0223694950095572	-0.0643738225640606	-0.189090100178444	0.244410819269207	-0.0195202720966751	-0.265454870485337	0.535398844807428	0.523067805878806	0.0881479985031921	0.104672803888191	0.235501920203784	-0.215553435581539	0.0485180456565363	-0.0175243451351259	0.563890715320051	0.63436048386291	-0.163930400443212	0.483292798804148	0.244157366535393	0.0411787367509529
-0.596805508759012	-0.0538669590130161	-0.102290573958122	-0.560936637060784	-0.527840620609779	0.0624019436612497	0.529075904323765	-0.0235161855993199	0.0242998090527512	-0.340174998382775	0.228973824103768	-0.166379278900474	-0.0164053127514393	-0.403743871275825	0.612869709315407	-0.340724696052949	-0.158302676179234	0.0682162340685995	0.298801675150053	0.479665821374393
0.185947724368413	-0.0300572223640686	-0.346971708790756	0.144608851237128	0.17091689154573	-0.0143190517435579	0.206880066580229	-0.292666137756764	0.0550985528397842	0.126400580371297	0.088442627869511	0.373646753025428	0.15869148020065	0.104071580783348	0.398572911786044	-0.238876795735302	-0.0419614678476146	-0.120154702175208	0.519823281275903	-0.0333902546041349
-0.0168386218587002	0.213799892115422	0.54094257237524	0.136840680990361	0.483704039460535	-0.505356193841578	-0.330222193327177	0.0211979474215707	0.0498765106173989	-0.277366877044256	-0.375706777251797	-0.377676405288331	0.116920356376684	-0.191521394095265	-0.0659005931209716	-0.119270835045226	-0.476823424334954	-0.500874119892919	0.107112610329517	0.0856367620698335
-0.0467386520115988	-0.0220693212378979	-0.0993396109173663	-0.106020085748973	-0.491184194131415	-0.0432679669856854	0.214352807069343	-0.455579858646958	-0.380879719864276	-0.302118709835801	-0.302851125830898	-0.0646153444284071	-0.211731424453064	0.337317706355604	-0.312014229465391	0.0275172124636746	0.370231249706302	0.44721032919063	0.0467179003746449	-0.595172968820016
-0.441225715169782	-0.0112902514401144	-0.481654023675923	0.0511468412843946	-0.233870553960524	0.354064099650794	-0.0739410950802064	0.259133709837395	0.704847996185837	-0.0568422990310832	0.22541735836378	-0.741588513035837	-0.0159535425277304	-0.248319909244467	0.0578849348127389	-0.071608222240583	-0.100636454499631	0.207446229959519	0.465836596878739	0.00922206543221144
-0.143445016532586	-0.204498143626697	0.0591580316218442	-0.259210786238071	-0.192353080125169	0.204419976959851	-0.0959358497781614	0.15047051560931	-0.4236016222276	0.28017501005358	-0.392506053774828	-0.202250796031821	0.781933346635694	-0.536334041254636	-0.166570875563773	-0.138588709109816	-0.600300752042961	-0.0122932429994387	-0.0192208853536578	-0.228001465878658
0.125382468059911	-0.0972810816738957	0.0789526939216421	0.203769232204697	-0.204339418071347	0.0429742892662654	0.40879328788641	-0.106434398894096	-0.00508844783467167	0.103172999873395	0.158262029119096	-0.150389155628975	-0.0217779314349803	-0.25620300076928	0.0824972669554085	0.577902182204881	-0.0052375208215105	0.361303455803525	-0.302465627449104	-0.36720396525473
0.207603865458713	-0.181951867869645	-0.495748010122787	-0.298130304395931	-0.809985678685385	-0.557694933113875	-0.568364776994804	-0.346528666277357	-0.363295805786499	0.0442060829390662	-0.360061872073202	0.262697736385609	-0.288881567429098	-0.371606816706905	-0.365154021525785	0.0366164444467876	-0.0722900687530844	0.389554489071103	-0.267868657097112	0.300709995759414
-0.230836318202899	-0.376668345877899	-1.06667620150386	-0.670724655543186	-0.049710932225628	0.150768595836726	-0.353365769825142	0.0808881841878094	0.340033700006623	0.0746023006841809	-0.319512804228091	-0.488605419571027	0.0202991008185991	-0.447779203612747	0.0763779679280465	0.327615172951886	-0.537596819676757	-0.138665106227975	-0.196354386366044	-0.00646242685765196
-0.0836985165321893	-0.0405511422102283	-0.392144510769534	-0.310235226851144	-0.659539441989723	-0.176239487316388	-0.419358499719489	-0.518722515926643	0.103432052853769	-0.251555639126677	-0.436870835148449	-0.461653860932422	-0.079555776069023	-0.271275228213937	0.456836797711734	-0.891677242634224	0.614907453368102	-0.367732124346655	-0.430134848556361	0.283596401785269
-0.216141512174872	-0.655518224536036	-0.0288477092238546	0.209330478720954	-0.207499291783479	-0.335532125830603	-0.194074397936963	-0.495146261511317	-0.369114966771989	-0.920669334082719	-0.269042340881164	-0.619288885371309	-0.361490322811918	-0.378597948832313	0.0891984370247445	0.338546715289583	-0.335165283453263	0.288980026231728	0.425455305959481	-0.272547364859162
-0.613117867048582	-0.10803264176307	-0.217916982812783	-0.300284409419349	-0.0221045836924122	0.292608463840231	-0.671859174412996	-0.0727256368939765	-0.138373761387493	0.0387720555192506	0.0631554524955397	-0.146058449955078	-0.524816843275122	-0.323222658427881	0.0225455428817977	0.393600038704089	-0.406064863445292	0.207963368388264	-0.178165699587998	-0.720660668063022
-0.324498368989904	-0.660934947061276	-0.22945362320157	0.0198250126627306	-0.259458626445392	-0.430877696479855	-0.410999980948487	-0.33539404416579	0.149638585059624	0.450734760807937	-0.0638800467376476	0.146227596336201	0.0543404222512364	-0.101602568477404	-0.18879303051216	-0.144782391919512	0.135390693309276	-0.150417949777842	0.335691539412655	0.0488814142580477
-0.318286986113105	-0.290292838050983	-0.0317537814139652	0.0839756920593358	0.0676025177420578	-0.108991711772646	0.0147796266722996	0.0775254390171702	0.47089685185207	-0.182484950162094	-0.269739244317024	-0.559560083025947	-0.164346495497958	-0.54909398350691	0.454250105870419	-0.0674576989961462	0.309968227455149	0.946191425095115	0.715224468987339	0.282962679190367
-0.217794019013356	-0.358483971333502	-0.555937591573842	-0.198680388702088	-0.207714521275446	0.184521226355054	-0.0604355280730674	-0.259586242943694	-0.109320477149344	-0.606474334858305	0.0610016574070839	-0.327717320442206	-0.0553258331671531	0.0280532995067223	-0.22387556105224	0.500329593263811	-0.0587657085341665	-0.764732068505082	-0.120985948246437	0.763381458069334
0.130007611595165	-0.3956284342043	0.129033113282273	-0.305696691664955	-0.3942981351757	-0.0193331614488715	-0.492170691921287	0.158455305070119	-0.512751980669309	-0.310265229666215	0.296801120244047	0.209892582654252	-0.287397441417237	-0.200766750815117	0.212888508647084	0.0123655596949818	0.0681931160342236	-0.002441425448726	0.111032567533124	0.266157280048006
0.0289527245372632	-0.217069033354218	-0.20160320848345	-0.358908652740051	-0.00609217548960808	-0.292106679361051	-0.0322346808595002	-0.0513365884459546	-0.495062694048743	-1.48035527374657	-1.20191067867445	-1.4052892183976	-1.69563308144318	-1.2114683312745	-0.727404996962786	0.311452453665416	-0.330659924996247	0.34163419229139	-0.172587904120324	0.318131029945774
-0.249357078876076	-0.774307827704004	0.0121932002194237	0.0218767676724389	-0.330149822008876	-0.325525431026792	-0.9297919236217	-0.873545772227892	0.401715574130256	-1.21249176602148	-1.05885316406767	-0.994346337487117	-1.17927162051723	-1.81087122599401	-1.15188690647762	0.176292880002674	0.286583210562405	0.444703940383923	0.875768642144846	-0.184724366700261
-0.276008504040952	0.152974993605569	0.110232320421239	-0.519037224644844	0.331783355493551	-0.0934593409861746	-0.302145478010644	-0.600611408125466	-0.821171445157244	-0.997166398333008	-1.11653440528058	-1.08314893715588	-0.482826990011444	-1.29036872383097	-2.17596602187088	-0.0474898731436901	0.093849133773753	0.292753502689149	-0.323674436856564	0.10585646442496
0.0090890126214212	-0.699491730863601	-0.132955875525409	-0.12613674693908	-0.205477913348903	-0.0459556656201328	0.0139099584550698	0.184832561853308	0.716722710664557	-0.940069155958338	-1.49337088230543	-1.59161877714159	-1.63853150589031	-1.36669383132944	-1.29897914619411	-0.0876256244674737	0.0303017139597391	0.0445050879849661	0.353547398784144	-0.142598438492543
-0.0330010403979028	-0.339059120441716	-0.463612283859806	-0.286849809969294	0.0558444980801592	-0.194417779901378	-0.397711215946738	0.0072387712521135	-0.27840517822619	-1.12944749255601	-1.47797584264379	-0.834933596669662	-1.49544188782432	-0.945811375285412	-1.06287305230122	-0.425969689001764	0.224434624287071	0.236672627192317	0.26088083195371	0.126616910944103
-0.406626708364856	-0.534776031512854	0.148889366790199	-0.879466806946383	-0.138451129026792	0.195534691677003	-0.210920786769946	-0.490118800357493	-0.336317977734116	-1.48019103998293	-0.62406886121364	-0.961447794518307	-1.60081612335089	-0.782753846687222	-1.59123112723031	-0.641495407562542	0.299688268438083	0.167274365912312	0.279349892939552	-0.35506774626642
-0.412248547088636	-0.425245700358034	-0.800049483435643	-0.622655136821958	-1.10241457967614	-0.219749599951446	-0.677985890458072	-0.603738105506032	-0.152731833360815	0.0439756501844807	0.0643833363328536	-0.34646075282774	-0.309539483519916	0.169373864574946	-0.587352031653566	-0.00675003147077988	-0.219754592703947	-0.00821831791287189	0.307404368279707	-0.115124875047628
-0.0906254113589509	0.426149963688504	-0.363437222000517	0.0748057986377721	-0.609833579398695	-0.410088823495311	0.0543378391743308	0.110099616794719	0.0800166183595771	0.204495566539015	0.022624531577943	-0.471198036389049	0.214436274393902	-0.534001238645646	0.0719139195006177	0.0809312860874829	0.144268572033236	-0.263122487640073	0.183892516831491	-0.437899741707852
0.0305598773546247	-0.194781314092025	-0.276701212747097	-0.25738368516056	-0.327230678043444	-0.0388021605435978	-0.755116654598184	-0.443532937898916	-0.109151517249694	0.475564832779321	-0.15572797878517	-0.317125525426078	-0.245995176726253	-0.43881616779907	-1.03878844856337	-0.150890819709313	-0.296835092477207	0.364873041218521	0.182457024443496	0.0137319673394807
-0.233703863645068	-0.585890159130298	-0.249836311029502	0.0409849648400942	-0.128958900876333	-0.860534696706175	-0.297095189507094	0.340517643585452	-0.786845066741744	-0.348095730339777	-0.0543834305023193	0.0442190245436242	-0.276671490271971	-0.226855963144016	-0.129931828603909	0.189242217110314	0.668867714503725	-0.105374943682477	-0.26786751307192	0.135736834149344
0.0643323179362644	-0.692181660325573	0.106139172635232	0.366242338992581	-0.902816936107688	-0.0824078768604768	-0.276574433750952	0.331462588113822	-0.0939389871591903	-0.0577722202542511	-0.154443188136206	-0.369274784055029	-0.586588131079123	-0.517897066358436	-0.280710781594748	0.142369562524965	0.137020979876662	-0.0883179352120623	0.135610681895122	0.0172697611129377
-0.0805682358898796	-0.0649438696182034	-0.159133432069167	0.242164354332741	0.0885089900142135	-0.0509117142728844	-0.181723631807975	-0.636407410940717	-0.0648726458772731	0.158107499834227	-0.187400373773819	-0.762261595630795	-0.180420074899793	-0.681293658194021	-0.397563516505143	-0.102197718472931	-0.0107446330753972	0.0759413428376886	-0.112413692106522	-0.191608155944604
-0.383607917975231	-0.205567949814391	-0.0778497189728491	0.0031805476938995	-0.381327720156332	-0.267462414628971	-0.447047488705663	-0.453696293772691	-0.00213473883965073	-0.234918641456635	-0.132973306417086	-0.24287141327633	0.110597926426268	0.037405199807569	-0.180996262078827	0.0148804678566441	-0.147132811925928	0.00344939574793541	0.852055543511376	-0.071604395491638
-0.0976640925726726	-0.295420512363153	-0.220896443903871	-0.0860111940299766	-0.425863183808874	-0.535142949599565	0.348919145450811	-0.575143897797254	-0.509426218282216	-0.0425424332694563	-0.503139525801264	0.0315712029227021	0.478064737558068	-0.179553041582306	-0.183656948280503	0.388578957258029	-0.0661699833542445	-0.592735188667519	0.219718035970512	-0.492870786470653
-0.538808928824238	-0.478808644236111	-0.274299302485799	-0.2578395279372	-0.666683477763274	-0.318498380994163	-0.628974864734451	0.000186420371252743	-0.911306864408444	-0.135673555616473	0.520366630591366	-0.547735379050262	0.19440888259461	-0.0156812000815736	-0.125897202969009	0.0943872614874918	-0.330362808235497	-0.127898017158471	0.25215567847381	-0.0667723712869857
0.229907110510311	-0.646238093042445	0.00866524198589205	0.27336753847132	-0.636168121400317	0.264949102670892	-0.123758857098624	-0.587230906291289	-0.297372892347356	-0.240334860361058	0.0405885370812644	-0.271374658301101	-0.461007003706119	-0.560920325848158	-0.162789335628272	0.2404717511107	0.0190411414071153	0.183690768033048	-0.665895635204639	-0.532670535220163
0.394119969551758	-0.522557688984704	0.14386850716474	-0.0211297672044639	-0.183100449183677	-0.4230543439396	-1.08193210860079	-0.810501061540672	-0.483289625272922	-0.14944726913749	-0.275362387686695	-0.566657997806676	-0.350939010615529	-0.302136450608189	-0.360577009882282	0.145817668869737	0.175057779926142	0.369244232650711	-0.398239134621629	-0.00463977083547625
-0.310166442939953	0.100008641114174	-0.920928864467562	-0.552073082261408	-0.0471891779978324	-0.899513635318872	-0.199275257316957	0.406404098347755	-0.42976699953293	0.0894198308589998	0.163866811248771	-0.164958136122309	-0.0177633334232387	-0.551374590326932	-0.122455222584212	0.517668316995249	-0.154007653858428	-0.381242342408905	-0.292998209443543	0.525314062337671
-0.513240387894959	-0.386380008439047	-0.0281781334262479	-0.246692760467095	-0.82936488793529	0.0436736326627643	-0.0471003286214193	0.101792046283651	-0.486133780015975	-0.0773663257986812	-0.388177425801464	-0.239749888404056	-0.203012424876372	-0.448824430290544	0.216312660387265	0.0307298582252404	-0.243765636578275	-0.195166699051079	-0.176122761608872	0.211261951664994
-0.0290841117672762	-0.615328054215347	-0.0875826779664036	-0.775672946080952	-0.5013085938348	-0.350393197160405	-0.525416000334188	0.0451370803675005	-0.319401334956357	-0.339931464552352	0.313347552242757	-0.21010543281129	-0.117400910114371	-0.131236387458486	0.000151133889905092	-0.296951122481801	-0.488795971654369	-0.732949871155609	-0.170403844582781	0.444305797265148
-0.240516381164247	0.360787186727074	-0.327580316466823	-0.258577653833191	-0.0392684833242226	-0.353265969785707	0.0114498930632698	-0.399196485073173	-0.293365118877082	-0.87193489274653	-0.318312065906828	-0.386697925468241	-0.593689635011405	-0.444497875484822	0.249114835624207	-0.138132362699666	0.170671711953532	0.29896457835554	0.193092287017862	0.405866373647767
0.520485328151433	-0.0724698867882657	0.0853038422730449	-0.977698300983796	-0.335911125394975	-0.564609212346503	-0.100707095001736	-0.203384369375119	0.0388278139719502	-0.438518955537451	-0.896447256935573	-0.412809038465878	-0.327958960203065	-0.498033654384034	-0.282464121033112	0.0712984475914765	0.100134992011487	0.00153405852270044	-0.0711921322668582	-0.0989873507003105
-0.211772000819951	-0.27159413027391	-0.316771154515514	0.194200650159416	0.449610550545179	-0.206767588504167	0.0928982418929116	-0.0140968231370619	0.0959285031627338	-0.205986535203091	0.209235758619871	0.0614336243226235	-0.47792127430397	-0.591850537702753	-0.0250772469887796	-0.0808191792512717	-0.0633967678106837	0.23730742915132	-0.0895734077120065	0.109049622153981
0.00692180873523299	0.117544914612706	-0.285299198539872	-0.390662900309641	0.173724001824432	0.010371790128912	-0.453001964119621	-0.584371622589261	-0.438359498725228	-0.954327536589294	0.139668739818626	-0.16845859428885	-0.478567377383372	-0.630266531452363	-0.0489924421154527	-0.0508662208969922	-0.165329379119772	-0.168957461037343	0.356868767768921	-0.548298819934161
-0.1915993523658	0.0659267954124808	0.057222933423941	-0.328993651608256	-0.0213505897791213	-0.37624460767694	-0.491173971458874	-0.237278397912814	-0.292645391454563	0.463285609509206	-0.432294895807613	-0.256080580272157	-0.415670180666631	-0.458854379971001	-0.422974304592575	0.199460691979982	0.0775083386823404	0.064147860809669	-0.632682361157415	0.26813332321576
-0.422981962664722	-0.385772914469344	0.31588818973618	-0.250795499690589	0.801465334861457	0.617981617574363	0.268540595407121	0.852722496350531	0.908433429807676	0.353371331026169	-0.623112489798076	-1.16395655972625	-0.324437170855434	0.311139761144246	-0.445063275636158	-0.232665274561604	-0.412563133923299	0.293124799230667	-0.0219846011986385	-0.215737480277528
-0.143362310145697	0.46183073936214	-0.118983529718831	-0.0163345478032616	0.883808234616578	1.12899206450009	0.703258897506216	1.30783213834181	1.2196373314514	0.451774437314231	-0.750358274208993	-0.582685610949155	-0.201700367942159	-0.396689778942192	0.361085104318591	-0.575778339308773	-0.44182624473081	-0.0702483307907463	0.25902086078212	0.282152855947931
-0.741487588667311	-0.276508109042305	-0.326655202936292	0.00350205316680993	0.588228162419712	0.725747096875911	0.39835977729365	0.99263981516208	0.78317887410728	1.23732146748672	-0.280704061379128	0.0288718953659135	-0.00996532415154425	-0.533950587687785	-0.448175913213879	0.605799761890013	-0.43356290185376	0.25459816618643	0.322412238435261	-0.561347277283168
0.239666458468866	-0.627348395063843	-0.556733988457875	-0.0296144082584985	0.988405145887175	0.752029486003026	1.00644680844382	1.18466990970476	0.290337952533767	0.143037215384003	-0.7501785731839	-0.322044543032842	-0.352754232096788	-0.621651633910509	0.0852138080752827	0.130563154460704	-0.108386527386351	0.196191267169604	-0.0617557890647995	0.344100815154149
-0.154023998536431	-0.243319880586266	-0.299309893663703	-0.371762781177838	1.24406418802571	0.612266524779478	0.821384195675174	0.842164092064215	0.86955576354239	1.02171880433851	-0.444340405632493	-0.562495335164183	-0.457102585798619	-0.245193106036293	-0.27985170531821	0.315050649646455	0.237212989419189	-0.477171007882163	-0.13008414973742	-0.150897328461218
0.451783501108646	-0.137738498230297	-0.481948797953006	-0.608987376883502	1.12502897302498	1.07013039068007	1.45692570778375	0.466249195045829	0.764272798708833	0.696797369437172	-0.150928363286413	-0.331796797063505	0.284850273043857	-0.318202073728633	-0.529724654508981	-0.0936344521951202	0.214397353897197	0.0928269398741734	-0.0546671353224417	0.427769510499609
-0.0573471413301013	0.492393519717808	-0.277679774935635	-0.31661667330137	-0.443973276999227	-0.498258088779868	-0.547312279790444	-0.301903091588569	0.331747856038129	-0.063236977546492	0.056655766615121	-0.312674223782893	0.0981599220514986	-0.124379204075637	-0.660265262922083	0.0280852851913637	-0.169546055189404	-0.745794656965681	-0.129323601893538	-0.00580198667125495
-0.412983929276544	-0.168259289631887	-0.0816862495335284	-0.116625760264837	-0.685663054767076	0.0547751157641085	0.1545064192277	-0.699429391778742	-0.0969733503669192	0.063433078763439	-0.445988938063921	-0.350432718544012	0.00905375782174075	-0.284811931319588	-0.561892957890175	-0.645956325175971	0.425404291028737	-0.0835317321888336	-0.127382883129577	-0.19142211792591
-0.0167820939532835	-0.0629003583729759	-0.455557127607159	-0.446924336471607	-0.232896709846472	0.041710686692931	-0.358210508482454	0.0786555285160812	-0.386914934706418	-0.487539176873697	-0.237080827992703	-0.0510162272663738	0.30999120188962	0.0603002837602541	-0.785007581857794	0.107397921307946	-0.343727034297	-0.165730127800062	-0.40614590292924	0.149481300117622
-0.480229289493275	-0.223145880606959	0.594750064328464	-0.220652280343539	-0.0677331887249067	-0.340280280797366	-0.636988403393227	0.225048050414733	-0.331856688148558	-0.411753453724583	-0.12351552918757	0.256264281468679	-0.493322583578803	0.0160273363863	-0.465212008889545	0.140359443398843	-0.147845346885713	0.262812621837081	-0.0589784846946646	-0.0174740205571959
-0.576090020071731	-0.300200252709963	-0.153196497300476	-0.55029869783894	0.205298193942579	0.054526094117003	-0.0281097888520497	-0.218816233288104	-0.351589036863644	-1.09908479096833	0.315677901471197	0.0964275483434073	0.414645274587802	0.116820880422557	0.0920217955604804	-0.272006650462902	-0.219915682096797	0.0880451083324486	0.070234841042206	-0.18786503333256
-0.112566129344761	-0.210417808493383	0.139062180236483	-0.202492704264682	-0.595582845360069	0.0960309590788052	-0.630013311401662	-0.494270700829361	-0.144189458852758	-0.488315697213453	-0.487563058258136	0.173836760191321	0.167934797248172	-0.126949381886482	-0.374291394750643	-0.158804974658025	0.0477696241063591	-0.179166614061569	-0.167161888205733	-0.268386228228393
-0.33298756196553	0.0362918816890485	-0.886737193952032	-0.161343379520778	-0.0906846222177657	-0.0273139134441919	-0.51655550555795	0.126145075371102	-0.147074660720157	-0.0859435238249888	-0.681293078528144	-0.298960198249545	-0.107893096406721	0.134308798621394	0.321030214453611	0.403073015056544	-0.525357887765843	-0.0471610809922663	-0.333997582480269	0.72301806448347
-0.199668394510513	0.422573502595685	0.0223003471586316	-0.243762688538301	-0.129950049473445	0.407452613625451	-0.419933563226586	-0.158201892031794	0.0747544620474342	-0.0484797231253896	-0.753682826513241	0.0533034141966832	-0.0127001048220029	-0.222965814117465	-0.251802595445965	0.140830216987044	0.355449260115734	0.0552555180835086	-0.48919062775807	-0.284894175171644
-0.177697602754501	0.10821773162913	-0.594873548135469	-0.24917328702082	0.158186578377715	-0.788705957367512	-0.136727820724611	-0.315881629302135	-0.103946982145718	0.408116801139928	-0.0332788444130689	-0.494322726573895	-0.181597567264694	0.079877516185112	-0.481397759524719	-0.0759315263251272	0.36210948030623	-0.303909604289638	-0.116347164438214	0.167745450171009
-0.376856283856422	0.162372519516011	0.0759411032827423	0.329065600835476	-0.208372991638873	-0.549476279191276	-0.499676218118303	0.137075626954005	-0.310006189136396	-0.180611891378111	-0.218035757405111	-0.241766421535237	-0.233247737428684	-0.247394521600745	-0.285378097937915	0.110731114598528	0.293294797959151	-0.203953021421949	0.516789604990686	-0.0634244069038745
-0.370600619845551	-0.569397026467413	-0.0805609533644132	0.0287759537254955	-0.307189656351276	-0.61295576411925	0.123355096961687	-0.427953697207278	-0.482183388553921	-0.0609024054794398	0.0316258913179377	0.455631371942049	-0.67287006802079	-0.404452854440782	-0.376705430500089	-0.404012157135233	-0.0245975232129584	-0.372808084349927	-0.167550090048252	-0.305356440542258
-0.24055358453715	0.0951686710160137	-0.322258573780932	0.13342932421919	-0.54404424083551	-0.14969601965907	-0.559692314752362	0.14468773096871	-0.00958912057413971	-0.177566500191937	-0.242251816147206	-0.203848402963582	0.0227769537455948	-0.566030327427541	-0.333179427808673	0.35158062768618	0.346879026779368	-0.460505620943787	-0.190998253826186	-0.41705729676818
0.153426098971961	-0.134022558901805	0.197277589053182	-0.476962085848949	-0.355226145078087	0.275388723747915	-0.135008889444587	-0.452742877681025	-0.218746544698499	-0.346050870750632	-0.0820718223457222	-0.291592677791207	0.442697019431694	-0.41267389748731	-0.182001027959231	-0.572620903477889	0.146038901025754	-0.157362003933123	0.834416140156757	-0.446588792740442
-0.657070040128929	-0.640175008727673	-0.410369500774076	-0.150697448471613	-0.308637131773482	0.303366685892874	-0.157073891063322	-0.0825759978821694	-0.145148639692463	0.0246732462587819	-0.132734427752166	-0.375264038195692	0.426931887001948	-0.424603879352434	-0.175330115340436	-0.301317243187198	0.287654598838518	-0.00555821563745162	-0.587176762918036	-0.42181339005767
-0.0218161437114736	-0.0436931772055584	-0.374184291272161	0.146447556129182	0.505166297736731	-0.0535109904815134	-0.519725027315894	0.0674131726955913	0.131092305526844	-0.0607296257331087	-0.192937404449426	0.0313805505617983	-0.149061701861743	-0.0271767421559992	0.0275192571061525	0.203006254097733	0.0533377113566335	-0.470444151347691	0.0427583689076999	-0.448870644664112
-0.100114888635945	-0.247626381414805	-0.500321654307626	-0.216956427357947	0.533959412709987	0.0636019787680973	-0.328587023210534	-0.600577613766297	0.325610685594627	-0.161173862481958	-0.386888797929437	0.431856808528539	-0.232363336676316	-0.215629839179289	-0.0381011027289983	0.345696523265107	0.0876752643102175	0.140355502258618	0.199349639677085	0.205843777230616
0.118929951182909	0.239376193590939	-0.400453582026018	-0.838808194470395	-0.250010983845283	-0.243462462208964	-0.396853843031404	-0.08056295664952	-0.486144938040666	-0.444638195483085	0.178602814187917	-0.0763528889458889	-0.145401651626204	-0.389101152078643	0.0329942939597473	-0.519827975268992	-0.634002205396009	-0.200348659194436	-0.143588247745475	-0.0710284892042477
-0.29125517709029	-0.429824599881399	0.0835554860119247	-0.0965462713701633	-0.513100231718566	-0.0593084719777376	0.0878182980572839	-0.233476040884648	0.293224137046086	-0.212045135520628	-0.321732212832731	-0.278379463428187	0.143778453497288	-0.469500819653224	-0.160348500597669	0.180392656975819	-0.161414373246327	0.0933247078762566	0.355106874936592	0.599742728762389
-0.0889943570251136	-0.329063526178564	-0.0698893551364514	-0.771486633675659	-0.791880480222402	-0.0871293568611549	0.266815790830666	0.00272317499268573	-0.460020058835276	0.0344250933040746	2.91314327438286e-05	0.422135093801107	0.243189646780722	0.253805762655184	-0.442059589937222	0.10249509422235	0.304207675425951	0.042765301250563	0.241631187396723	0.189971604868668
0.880129637231669	0.522167150786769	1.10154776530311	0.556648954057935	0.954401490031409	0.571687917483056	0.487761069863526	0.563420619386235	0.879905657658429	1.00293582423879	0.849391746359038	0.566350932967717	0.922383245760206	0.728975212173618	0.934805025735978	0.989415697280284	1.03038089244216	0.887789583780756	1.0159953273701	1.49445926407234
0.837243990702505	0.946868811569038	0.882964400783896	1.39720129638988	0.672827924879543	0.912011519874741	1.27917172256207	0.973904099782752	1.06671114845661	0.855204242329616	1.53445734243615	1.33945975398427	1.33428362056422	0.625358973521081	1.12379243704995	0.812150494061281	0.634387788535575	0.416522087189272	0.649796075425179	1.15081559301691
1.36236034179495	1.1206035338459	1.11291108753239	1.1846910547908	1.68539779766331	0.959547620677745	0.977366220696343	1.41468520232674	0.916927447032301	0.799265959610947	1.21336418929716	0.873596461574904	0.991877246801933	0.870997199084344	0.878915785266404	0.743208637076175	0.712486962162654	0.520695605778884	1.09700504676026	1.25364022370686
1.34812078470849	0.780475548064118	1.07324947734595	1.32750068666061	0.734314728202612	1.41815374485191	0.409841395284712	1.05054704914241	1.41827591230541	1.15384039657668	0.898692653241289	0.69347578899408	1.14931666100418	1.02798983094031	0.883573516756774	1.04553335259214	0.833260754618205	0.237802641706252	0.903765093269755	1.14017421871877
1.2100640948545	1.2491119503945	0.572122797285239	1.09198145845409	1.03333192892372	0.688903393090512	0.773228907206442	1.24695728448254	0.802326400066598	1.31467297868605	0.997255314319794	1.36549161362403	1.35569200409046	1.24991232661314	1.32855632435209	1.36191180815384	1.63656277349299	1.40861417486229	0.734214920769666	0.879383480891012
1.47605003636225	0.63757516410866	1.53352878624264	0.966952371255143	2.1430830042132	0.365699455658902	1.13834474815203	0.933731620715067	1.19815938415399	1.03631744893088	0.96240723747597	0.460071797531383	2.09187208802209	0.974520256564338	1.40214401291594	0.5534266350392	0.946123003731715	0.89180019899445	1.04538345155141	1.27705801097602
0.167545927669591	-0.314395323842322	0.0403342982801028	-0.277293831938185	-0.332672999382976	0.230483465461319	0.0435319893143616	-0.308817496414413	-0.00397671004298953	-0.0939878656138595	-0.62725382909169	-0.0924749815052161	-0.016200778678218	0.0335559117036766	0.0343216640026943	-0.315112236920628	-0.193420622472822	0.580919193259225	0.173809041613632	-0.00241669221353439
-0.382977662537411	0.432347312053284	0.229679699747359	0.477874126115759	0.0922699873264361	-0.244848186226046	-0.732693396324427	-0.0032777072541386	-0.279444089619253	-0.264201219003435	0.509218168446205	0.00465457300462076	-0.200444195065985	-0.311830782854692	-0.117679386084486	0.491362235072576	-0.627775131526962	-0.436765139259437	-0.023750047852941	0.310135271284275
-0.171979624271066	-0.304754239591395	0.286541003072694	0.0135031794365641	-0.332068341667549	-0.130832076948172	0.174095605635472	-0.367497346632232	0.364406743039915	-0.125786067381657	0.319164346346253	-0.132695315600079	0.133742387224601	0.238926844056278	0.495707352959262	-0.362200254360983	-0.570561251309657	0.444571712489184	0.254630290591548	-0.23973809451801
-0.367383784469507	0.123592413695254	-0.015169710432681	-0.214538520200365	0.104296094646588	0.271411509384843	0.196515599546024	-0.778833416534991	-0.62650210965265	-0.44482550340654	-0.229984990867582	-0.491402319864358	-0.121747573909133	0.0299710128473874	-0.373109282632383	-0.787846525380829	0.366675082896478	0.322835890814369	-0.75331004613971	0.301269906286001
-0.142020190931793	-0.114322815332676	-0.0917446259300913	0.259566929915141	-0.261979360518613	-0.228925879364495	-0.0913526511778256	0.350736777597446	-0.157845740823786	-0.209195459820036	0.114602267751114	-0.192420346854855	0.190584943356471	0.221087925957244	-0.273577761233868	0.00523897984530574	-0.255366132414047	-0.227246520409792	0.221543134313213	-0.0935920068578074
